Keyword,Search Volume,CPC,Competition
algorithm wiki,110,,
data structure,12100,12.08,0.0
algorithm complexity,880,,0.0
algorithms,33100,0.13,0.02
algorithm class,110,2.33,0.16
data structures and algorithms in c,140,0.38,0.05
algp,90,,0.02
algorithms course,210,1.84,0.28
how to write an algorithm,720,1.12,0.02
algorithm in c,720,0.36,0.0
cs algorithms,140,,
what are algorithms,1900,0.06,0.02
data structures and algorithms,5400,2.41,0.07
data structures and algorithms books,320,0.95,0.36
understanding algorithms,140,2.04,0.03
what does algorithm mean,1300,0.06,0.01
merge sort algorithm,1900,,0.0
what is an algorithm,12100,0.13,0.02
algorithm practice,210,0.92,0.01
genetic algorithm example,480,1.87,0.06
learning algorithms,880,1.41,0.14
how to make an algorithm,260,1.35,0.06
simple algorithm example,260,1.25,0.04
algorithm definition,27100,0.05,0.04
programming,33100,1.36,0.13
coursera algorithms,480,4.67,0.11
java,450000,0.51,0.0
an algorithm is a,390,,
sorting algorithms,9900,,0.0
what is algorithm in programming,140,,0.02
analysis of algorithms,880,0.57,0.02
algorithms textbook,320,0.46,0.89
graph algorithms,1300,,0.0
data structures and algorithms course,210,4.95,0.38
define algorithm in computer science,90,0.02,0.01
an algorithm,320,0.02,0.01
simple algorithm,260,,0.0
mathematical algorithms,260,0.25,0.05
who invented algorithm,110,,
algorithm in computer programming,90,,0.1
how to learn algorithms,170,1.27,0.09
explain algorithm,140,0.01,0.04
algor,1000,0.03,0.0
algorithm software,210,1.65,0.21
what is alg,110,,0.0
algorithm,90500,0.07,0.02
write an algorithm,320,0.11,0.02
what does algo mean,110,,
what is the definition of algorithm,170,0.05,0.0
algorithm etymology,170,,
what is an algorithm in math,480,0.08,0.01
algo meaning,210,,
algorithms book,1000,0.91,0.59
what is an algorithm in coding,320,0.07,0.02
algorithm example math,260,,0.02
algorithm online course,170,6.58,0.5
computer algorithm examples,140,0.05,0.03
algorithm examples,4400,0.32,0.01
algorism definition,170,,
definition of algorithm in computer,210,,0.0
mit algorithms course,90,1.03,0.03
algorithm math,1000,0.28,0.03
what's an algorithm,880,0.04,0.02
coding algorithms,480,0.06,0.04
how do you spell algorithm,210,,
learn data structures and algorithms,210,5.98,0.31
algorithm definition computer science,210,0.06,0.01
standard algorithm definition,210,,
algorithm math definition,140,0.01,0.01
algorithm design,1600,0.62,0.01
how do algorithms work,210,,0.01
algorithm pronunciation,90,,0.0
what is the meaning of algorithm,210,0.05,0.01
what are algorithms used for,140,0.21,0.02
algorithm for kids,90,0.12,0.14
algorithm def,390,,0.0
algorithm problems,210,0.02,0.01
what is algorithm in computer,170,0.08,0.02
new algorithm,110,0.69,0.01
algorithmics,210,,0.0
computer algorithm,1300,1.51,0.03
how algorithms work,90,1.47,0.0
the algorithm,720,,0.0
algorithm vs formula,90,,
algorithm in programming,720,0.48,0.03
what is an algorism,140,0.06,0.02
coursera data structures,170,8.3,0.08
word algorithm,90,,0.03
algorithm synonym,880,,0.0
algorithm vs program,110,,0.0
facebook algorithm,6600,3.59,0.12
java algorithms,1000,2.08,0.04
sorting algorithms with examples,140,,0.01
basic algorithms,320,0.5,0.02
algorithm meaning,1300,0.04,0.01
search algorithms,2400,,0.0
sample algorithm,170,,0.01
algorithm computer science,1300,0.7,0.03
an algorithm is,110,,0.0
algorithm steps,40,,0.0
alithogram,70,,
who created algorithm,30,,
structure of big data,30,14.58,0.32
algorithm in coding,30,,
stanford data structures and algorithms,30,,0.03
mit data structures and algorithms,90,,0.01
best algorithms course,50,2.66,0.11
data structures textbook,70,1.2,1.0
how to create an algorithm program,40,,0.08
algorithm math problems,50,0.13,0.06
algorithm implementation,70,,0.03
definition of algorithm in programming,30,,0.01
what does the word algorithm mean,50,,0.01
complicated algorithm,30,,
edx algorithms,40,1.14,0.04
algorithm code example,30,,0.02
algorithm exercises,50,,0.02
algorithm word origin,30,,
design & analysis of algorithms,30,,
algorithm symbols,70,,0.0
what is an algorithm example,70,,0.02
how to read algorithms,70,,
how to spell algorithm,70,,
what do algorithms do,30,,
example of algorithm in programming,70,,0.0
algorithm wikipedia,70,,0.01
complex algorithm example,30,,0.01
learn algorithms online,30,2.3,0.32
dictionary algorithm,50,,0.03
algorithm solutions,90,,
algort,40,,
an algorithm is best defined as,50,,
algorithm process,30,,0.01
algorithm names,50,,
history of algorithm,90,,0.01
algorithm technologies,40,,0.0
how to use algorithms,70,,
logic algorithm,70,,0.01
algorithm video,50,,0.01
define algorithm in math,30,,0.02
the definition of algorithm,40,,0.01
defination of algorithm,70,,0.0
how to create an algorithm in word,30,,
the algorythm,50,,0.0
translation algorithm,40,,0.05
examples of algorithms in computer science,70,,0.01
different algorithms,50,,0.0
what's an algorithm in computers,40,,0.03
what does an algorithm look like,90,,0.0
encryption algorithms examples,50,,0.01
all algorithms,30,0.01,0.02
basic algorithm examples,50,,0.01
simple algorithm examples for beginners,90,,0.05
uses of algorithm,70,0.02,0.01
examples of algorithms are,50,,
best online algorithms course,70,,0.13
what does algorithm mean in math,70,,
java algorithms book,30,1.38,0.9
easy algorithms,50,0.68,0.04
data structures and algorithms textbook,30,1.15,1.0
algorithm design examples,30,,0.01
algorithm origin,50,,0.0
why do we need algorithm,40,,
example of algorithm problem solving,40,,
concept of algorithm,30,,0.01
algorithm website,70,,0.08
best data structure book in java,30,,0.16
what is algo,70,,
another word for algorithm,50,,
data structures and algorithms coursera,50,,0.06
coursera data structures and algorithms,70,11.64,0.06
functions of algorithm,70,,0.01
algorithms and programming,40,,
algorithm online,30,0.59,0.14
algorithm method,70,,
udacity data structures,70,1.59,0.12
algorithms 4,30,,
data structures in java book,50,1.4,0.97
algorithm formula,50,,0.01
a star algorithm java,50,,0.0
define algorithm in computer,30,,
how to make an algorithm in word,30,,
coursera java programming,70,3.65,0.27
a algorithm,70,,0.0
algorithms mooc,30,,0.07
how to do algorithm,90,0.04,0.01
sorting algorithms in data structures,70,,0.0
how to understand algorithms,30,,0.01
define standard algorithm,30,,
the meaning of algorithm,30,,
encyclopedia of algorithms,30,0.04,0.28
application of algorithm,40,,0.03
learn programming algorithms,30,11.52,0.21
what does algo mean in english,50,,
why are algorithms important,30,1.89,0.01
java algorithms examples,70,,
what does algorithm,50,,0.01
define algorism,30,,
algorithm definition for kids,20,,
why is algorithm important in computer programming,10,,
algorithm description,20,,0.01
introduction to algorithms course,20,,0.13
algorithm for largest of three numbers,10,,
algorism algorithm,20,0.01,0.04
addition algorithm examples,20,,
describe an algorithm,20,,
what is algorithm in programming language,10,,
algorithm help,20,1.57,0.09
daa algorithm,10,,
algorithm programming language,10,,0.02
algorithm complexity examples,20,,
solve math algorithm examples,10,,
algorithm definition example,20,,
latest algorithms,10,,
ok google what is an algorithm,20,0.03,0.04
algorithm what is it,20,,
coursera algorithms and data structures,20,,0.07
algorithms and data structures sedgewick,10,,0.07
al algorithm,20,,0.01
what is a mathematical algorithm,20,,0.01
what is algorithm in information technology,10,,
algo programming,10,,0.05
java basic algorithms,10,,0.08
examples pseudocode algorithms,20,,0.01
algorithm design definition,20,,
mathematics algorithm,10,,0.03
what educational background is required to write algorithms,20,,
introduction to algorithms online course,10,,0.48
explain algorithm with example,20,0.09,0.14
udacity data structures and algorithms,20,,
the purpose of an algorithm is to,20,,
algorithm simple definition,20,,
algorithms and data structures coursera,10,2.11,0.07
data structures udacity,20,,0.1
algorithm algorithm,20,,0.05
algorithm definition and characteristics,10,,
what is algorithm in c,20,,0.0
algorithm rules,20,,
data structures sorting algorithms with examples,10,,
algorithm for,20,,0.04
what does algorithm mean in computer terms,20,,
functions of algorithm in computer,10,,
origin of the word algorithm,20,0.05,0.01
algorithm lecture,20,,
algorithm explanation,10,,0.08
java program algorithm examples,10,,
why algorithm is important,10,,
algorithm meaning in english,20,,
algorithm in c programming,20,,0.29
step by step algorithm,20,,0.01
how to program an algorithm,10,,0.04
الخوارزمية,20,,
what is the purpose of an algorithm,20,,
programming sorting algorithms,20,,
mathematical algorithm examples,20,,0.03
game algorithm examples,20,0.01,0.09
selection algorithm java,20,,
how to algorithm,20,2.63,0.04
pricing algorithm example,20,12.05,0.05
sequence algorithm example,10,,
algorithm practice problems,20,,0.01
how to write an algorithm in word,20,,0.02
mooc data structures,10,,
use of algorithm in programming,10,,0.04
algorithms are,20,,
free algorithms,20,,0.04
what does algorithm mean in computer science,10,,
algorithm activity,20,,
algorithm examples for beginners,20,,0.19
algorithm 1,20,,
importance of algorithm in computer science,10,,
how to write a computer algorithm,20,0.08,0.05
algorism meaning,20,,0.0
algorithm basic concept,10,,
how to code algorithms,20,,0.11
common programming algorithms,20,,
programming algorithms book,20,9.45,0.51
how to make an algorithm in programming,10,,
data structures mooc,20,5.61,0.05
meaning of algorithm in programming,10,,
algorithm problems and solutions,20,,0.02
definition of algorithm in computer programming,10,,
how to write a basic algorithm,10,,
algorithm programming questions,10,,0.02
data structures and algorithms stanford,20,,0.01
algorithms for children,10,,
scientific algorithm,20,,0.03
what does an algorithm do,20,,
what are algorithms used for in programming,10,,
algorithm procedure,20,,
data structures and algorithms class,20,10.06,0.21
simple algorithm examples in programming,10,,
free algorithms course,20,0.65,0.1
about algorithm,10,,
computer science algorithm definition,20,,
give an example of an algorithm,10,,0.04
data structures in java ppt,10,,
dfs algorithm in data structure,10,,
algorithm definition programming,10,,0.01
2lll algorithms,10,,0.03
all about algorithm,10,,
define algorithm in data structure,10,,
algorithm kids,10,,
algorithm training course,10,0.41,0.57
need of algorithm in programming,10,,
r algorithm example,10,,
functions in algorithm,10,,
graph algorithm in data structure,10,,
data structures and algorithms udacity,10,9.31,0.07
history of algorithm in computer science,10,,
meaning of the word algorithm,10,,
algorithm form,10,,
what is the definition of algorithm in math,10,,0.05
algorithms in java sedgewick,10,,0.01
problem solving using computer algorithm,10,,
algorithm articles,10,,
all about algorithms,10,,
where are algorithms used,10,,
definition of algorithms and its example,10,,0.17
algorithm meaning computing,10,,
what is the definition of algorithm in computer,10,,
algorithms edx,10,,0.08
alograms,10,,
coursera introduction to algorithms,10,,0.04
algorithm site,10,,
algorithm design online,10,,0.1
purpose of algorithm,10,,0.1
what is a an algorithm,10,,
data structure using java book,10,,
basic math algorithms,10,,
why do we use algorithms,10,,
information technology algorithm,10,,
what are the functions of algorithm,10,,
origin of word algorithm,10,,
algorithm technology definition,10,,
uses of algorithm in programming,10,,
prime algorithm example,10,,
algorithm definition and example,10,,
concept of an algorithm,10,,
algorithm meaning and example,10,,
algorithm in c definition,10,,
algorithms explained simply,10,,
importance of algorithm in computer programming,10,,0.14
algorithm background,10,,
introduction to algorithms online,10,,0.07
what is the purpose of algorithm,10,,
algorithm what does it mean,10,,0.03
creating an algorithm in word,10,,0.02
introduction to algorithms coursera,10,,0.05
data structures and algorithms mooc,10,,0.07
explain advantage of algorithms,10,,
java data structures and algorithms books,10,,1.0
how to describe an algorithm,10,,
steps to develop an algorithm to solve a problem,10,,0.02
simple computer algorithm examples,10,,
algorithm in programming definition,10,,
easy algorithm examples,10,,
in algorithm,10,,
data structures and algorithms online,10,,0.15
the algorithm design,10,,
how to write a good algorithm,10,,
what does this algorithm compute,10,,
write algorithm in word,10,,
algorithm terms,10,,
why we need algorithm,10,,
what is an algorithmic solution to a problem,10,,
advanced algorithm design,10,,
role of algorithms in computing,10,,
how to program algorithms,10,,0.06
how are algorithms used in programming,10,,
algorithm in,10,,
write the algorithm,10,,
algorithm efficiency examples,10,,
what is the use of algorithm in programming,10,,
sedgewick data structures,10,,0.02
applications of algorithms in computer science,10,,
programming concepts algorithms,10,,0.1
what is a algorithm in math example,10,,
algorithm symbols and meanings,10,,0.04
steps to write an algorithm,10,,
define algorithm in computer programming,10,,
problem solving using algorithms,10,,
algorithm examples in c programming,10,,
notion of algorithm,10,,
algorithms and data structures princeton,10,,
define the term algorithm,10,,
what is algorithm programming,10,,
data structures sedgewick,10,,
group algorithm programming,10,,0.14
how do you say algorithm,10,,
founder of algorithm,10,,
purpose of an algorithm,10,,
algo concept,10,,
algorithm problems and solutions examples,10,,
algorithm practice problems and solutions,10,,0.05
learn computer algorithms online,10,,0.29
algorithm to,10,,0.17
algorithm as a technology,10,,
html algorithm,10,,
algorithm 644,,,
algorithm design methods,10,,
simple algorithm examples for kids,10,,
technology algorithm,10,,
step form algorithm,10,,
notion of algorithm in daa,10,,
data structures and algorithms solutions,10,,0.11
what do you mean by algorithm,10,,
need of algorithm,10,,0.29
sample algorithm problems,10,,
explain algorithm with example in c,,,
computer algorithms for beginners,10,,0.17
define algorithm in c,10,,
https algorithm,10,,
role of algorithm in computing,10,,
what is an algorithm for kids,10,,
why we use algorithm in programming,10,,0.29
algorithm in daa,10,,
data structure analysis,10,,0.03
code algorithm practice,10,,
as algorithm,10,,
definition of algorithm in c language,10,,
website algorithm design,10,,
reading algorithms,10,,
solution algorithm,10,,
algorithm of oppression,40,0.67,0.06
some algorithm examples,10,,
computer algorithm tutorial,10,,0.05
if algorithm,10,,
programming algorithm puzzles,10,,
what do you understand by algorithm,,,
algorithms and programming course,10,,
uses of algorithm in computer science,10,,
basic computer science algorithms,10,,
how to write an algorithm for a program,10,,
basic programming algorithms,10,,0.05
how to make algorithm program,10,,
advantages of algorithm in computer science,10,,
cryptographic algorithms examples,10,,0.02
algorithm definition in c,10,,
define algorithm and its characteristics,10,,0.08
algorithm information,10,,
algorithm notation in data structure,10,,
define algorithm what are its properties,10,,0.14
algorithm and its types,,,
programming algorithms tutorial,10,3.5,0.12
algorithm science,10,,
simple math algorithm example,10,,
where does the word algorithm come from,10,,
algorithm courses for beginners,10,,0.33
simple algorithm problems,10,,
what problems can be solved by algorithm,10,,
state the functions of algorithm,,,
algorithm steps examples,10,,
algorithm design tutorial,10,,
define algorithm in programming,10,,
computer accounting and algorithm,10,,
algorithm to code,10,,0.14
definition of algorithm in computing,10,,
algorithm design course,10,1.62,0.3
rules for writing algorithm,10,,
algo code,10,,
how to write an algorithm for dummies,10,,
what is the use of algorithm,10,,
algorithm meaning in programming,10,,
math algorithm programming,10,,
algorithm definition in computer science,10,,
what is meant by algorithm,10,,
algorithmic problems examples,10,,0.02
algorithm 2,10,,
algorithms data structures book,10,,0.18
maths vs computer algorithm,10,,
how to write a simple algorithm,10,,0.16
learn computer algorithms,10,,0.11
describe algorithm,10,,0.04
list and explain the properties of algorithms,10,,
basic programming algorithms examples,10,,
type of algorithm with example,10,,0.07
basic computer algorithms,10,,0.01
the role of algorithms in computing,10,,
algorithm meaning in computer,10,,
why we use algorithm,10,,
data structures and algorithms cormen,10,,
what is algorithm explain with example,10,,
algorithm z,,,
short note on algorithm,10,,
algorithm for largest of 3 numbers,10,,
define algorithm with example,10,,
best book algorithms data structures,10,,
how to use algorithms in programming,10,,
algorithm examples in c,10,,
about algorithms,10,,
algorithm step by step procedure,10,,
algorithm design strategies,10,,0.04
list of computer algorithms,10,,
what does algorithm mean in computing,10,,
algorithm for 2048,40,,
algorithm list,210,,
algorithm 5 gta sa,,,
algorithm code,480,0.06,0.04
algorithm 2048,10,,
algorithm used by google,,,
algorithm book,1000,0.91,0.59
algorithm 720p download,,,
algorithm 101 java,,,
algorithm and data structure pdf,480,,0.06
algorithm and flowchart ppt,10,,0.19
algorithm 500px,,,
algorithm psychology,1600,,0.0
algorithm in computer science,1300,0.7,0.03
algorithm updates,70,,0.0
algorithm 647,,,
algorithm 720p,,,
algorithm yacht marco island,,,
algorithm 715 specfun,,,
algorithm meme,,,
algorhythm youth development,,,
algorithm questions,260,1.12,0.01
algorithm gate questions,10,,
algorithm environment latex,30,,
algorithm questions and answers,40,,
algorithm 3rd grade,10,,
algorithme pharma,390,0.04,0.0
algorithm 9,,,
algorithm meaning in hindi,10,,
algorithm x11,10,,
algorithm 7zip,,,
algorithm 3des,40,,0.01
algorithmic trading,4400,4.58,0.52
algorithm 5th grade,10,,
algorithm of binary search,1900,,0.0
algorithm hacking,20,,0.04
algorithm 4th grade,20,,
algorithm graph,1300,,0.0
8 bit algorithm,,,
algorithm generator online,10,1.3,0.34
algorithm rubik's cube,33100,0.24,0.01
algorithm journal,70,,0.0
algorithm band,170,,0.04
algorithm used in qr code,,,
algorithm 5th edition,,,
algorithm rhythm,,,
algorithm quotes,20,,
algorithm the hacker movie,90,,
algorithm for dummies,320,0.41,0.55
algorithm 5th grade math,,,
algorithm updates 2018,,,
algorithm binary search,1900,,0.0
algorithms in java,1000,2.08,0.04
670g algorithm,,,
algorithm used in google maps,10,,
algorithm to live by pdf,70,3.16,0.1
algorithm 7th grade math,,,
algorithm year 4,,,
algorithm tutorial,320,4.43,0.14
algorithm zcash,10,,
9gag algorithm,,,
algorithms to live by pdf,590,4.94,0.03
algorithm 396 student's t-quantiles,,,
algorithm 4 pdf,,,
algorithm 92,,,
algorithm runtime calculator,,,
algorithm in spanish,,,
algorithm unlocked,210,0.34,0.18
algorithm x13,,,
algorithm 63 partition,,,
algorithm 500,,,
algorithm heuristic,720,,
algorithm 13,,,
algorithm 902,,,
algorithm in java,1000,2.08,0.04
algorithm programming,720,0.48,0.03
algorithm 0/1 knapsack problem,,,
7 point algorithm,,,
algorithm using mapreduce,,,
algorithm nursing,,,
algorithm udemy,10,0.14,0.08
algorithm quiz,40,,
algorithm for lottery,590,0.02,0.02
algorithm builder,30,,0.04
algorithm and data structure,5400,2.41,0.07
algorithm design techniques,20,,
algorithm kya hai,,,
algorithm 8 multiversity,,,
algorithm 2015,,,
algorithm 3x3,590,1.96,0.03
algorithm yacht,40,,0.04
algorithm 8 queens,,,
algorithm generator,110,0.02,0.1
algorithm 4th solution,,,
algorithm social media,50,,0.03
algorithmic trading strategies,390,3.89,0.33
algorithm bbc bitesize,,,
algorithm dumaguete,10,,
algorithm vs model,,,
algorithm bias,390,,0.01
algorithm geeks for geeks,10,,
algorithm queue,50,,0.0
algorithm instagram,390,,0.0
algorithm 1080p,,,
algorithm 938 compressing circular buffers,,,
algorithm rhymes,,,
algorithm a day,10,,
algorithm optimization,720,,0.0
algorithm questions gcse,,,
algorithm 15.4,,,
algorithm in psychology,1600,,0.0
algorithm of merge sort,1900,,0.0
algorithm x,40,,
algorithm 64 quicksort,,,
algorithm negotiation fail sftp,20,,0.07
algorithm of insertion sort,1000,,0.0
algorithm 4x4,10,,
algorithm zip,10,,
algorithm 3x3x3 rubik's cube,,,
algorithm 65 find,,,
algorithm year 1,,,
algorithm 8 puzzle problem,,,
algorithm header,10,,
algorithm for prime numbers,590,,
algorythm yacht owner,,,
algorithm 5x5 rubik's cube,10,,
algorithm 0(n),,,
algorithm ks1,10,,
algorithm xevan,,,
8b10b algorithm,,,
algorithm efficiency,210,,
algorithm and flowchart,90,3.17,0.07
algorithm key,,,
algorithm 720p hindi,,,
algorithm quicksort,2900,,0.0
algorithm java definition,,,
algorithm x lab,,,
algorithm 515,,,
algorithm jokes,30,,
algorithm 300mb,,,
algorithm zouk,,,
algorithm sorting,9900,,0.0
algorithm 2014,40,,
algorithm unlocked pdf,10,,
algorithm watch,20,,
0r algorithm,,,
algorithm zoo,,,
algorithm w,50,,
algorithm of bubble sort,1600,,0.0
algorithm 2x2,1300,1.81,0.01
algorithm mit,480,,0.01
algorithm latex,1900,,
algorithm greedy,3600,,0.0
algorithm of linear search,390,,
algorithm example psychology,320,,0.0
algorithm to live by,3600,1.3,0.48
algorithm analysis,880,0.57,0.02
algorithm hindi,10,,
algorithm problem solving,260,,0.0
algorithm 3rd edition pdf,10,,
algorithm hyponatremia,4400,0.3,0.01
algorithm 8nv,,,
algorithm calculator,320,0.9,0.16
algorithm x python,,,
algorithm examples pdf,10,,0.09
algorithm kmp,10,,
algorithm research,50,,0.02
algorithm with python,1000,3.2,0.06
algorithm latex template,30,,0.0
algorithm vs pseudocode,40,,
algorithm and flowchart help us to,10,,
algorithm questions and answers pdf,30,,0.01
algorithm facebook,6600,3.59,0.12
algorithm library c++,210,,
algorithm negotiation fail,110,,
algorithm 8.1 basic simplex method,,,
algorithm zerodha,,,
algorithm writing,320,0.11,0.02
algorithm design and analysis,480,0.54,0.04
algorithm design manual pdf,880,0.52,0.01
algorithm ap psychology,,,
algorithm 4th edition pdf,320,,0.02
algorithm là gì,,,
algorithm logo,20,,
algorithm zoom image,,,
algorithm engineer salary,90,,0.0
99pi algorithm,,,
algorithm explained,140,0.01,0.04
algorithm python,1000,3.2,0.06
algorithm gif,,,
algorithm 8 queens problem,,,
algorithm basics,320,0.5,0.02
algorithm 4ed,,,
algorithm 659,,,
algorithm 3x3x3,,,
algorithm company,40,,0.13
algorithm 778,,,
algorithm big 0,,,
algorithm 101,50,,0.02
algorithm ks2,10,,
algorithm vs equation,,,
interpretation algorithm 015 sap,,,
algorithm kabankalan,,,
algorithm header file,10,,
algorithm job,140,1.47,0.05
algorithm big o,210,,
algorithm 2018,10,,0.01
algorithms sedgewick,720,0.48,0.05
algorithm netflix,70,,
algorithm reduction,20,,
algorithm march,50,,
algorithm chart,70,,0.01
algorithm for instagram story,,,
algorithm quizlet,10,,
algorithm horse racing,10,,0.04
algorithm x16s,,,
algorithm ks3,,,
algorithm games,260,5.84,0.03
algorithm 4th edition solutions,40,,0.0
algorithm c++,1300,,0.0
algorithm cheat sheet,320,,0.0
algorithm 659 implementing sobol’s quasirandom,,,
algorithm k means,1000,,0.0
algorithm 5 modular exponentiation,,,
algorithm year 2,,,
algorithm hindi meaning,,,
algorithm 6.006,,,
algorithm vs abstraction,,,
algorithm in latex,1900,,
algorithm backtracking,880,,
algorithm and flowchart pdf,10,,0.04
algorithm 5,10,,
algorithm development,320,1.16,0.01
algorithm of selection sort,880,,0.0
algorithm 3rd edition,50,0.4,0.33
algorithm engineer,260,21.67,0.03
algorithm2e latex,,,
algorithm 2014 movie,,,
algorithm solver,140,0.84,0.05
algorithm icon,110,,
algorithm 4th edition,590,0.48,0.47
9v algorithm,,,
algorithm zigzag,,,
algorithm kruskal,4400,,0.0
algorithm books,1000,0.91,0.59
algorithm numbers,70,,0.03
algorithm 019,,,
algorithm running time,170,,0.0
algorithm x11 coins,10,,
0x20 algorithm,,,
algorithm language,50,0.06,0.02
algorithm wallpaper,10,,0.04
algorithm tachycardia,10,,0.05
algorithm coffee,390,,
algorithm keywords,10,,
algorithm youtube,1600,,0.0
algorithm with example,4400,0.32,0.01
algorithm x17,,,
algorithm meaning in tamil,10,,
algorithms to live by,3600,1.3,0.48
algorithm 3d,,,
algorithm for 3x3,210,1.42,0.01
algorithm history,90,,0.01
signature algorithm 0x000d,,,
algorithm analysis and design,480,0.54,0.04
algorithm 720p hindi dubbed,,,
algorithm maker,90,2.51,0.08
algorithm interview questions,1000,1.85,0.02
algorithm2e,320,,
algorithm zouk mosbeh,,,
algorithm java interview questions,170,1.57,0.02
algorithm question paper,,,
algorithm zagreb,,,
algorithm worksheet,30,,0.04
algorithm year 3,,,
algorithm nation,,,
005 algorithm a day,,,
algorithm psychology example,320,,0.0
algorithm design pdf,320,,0.0
algorithm specification,10,,
algorithm uses,70,0.02,0.01
algorithm vs function,,,
algorithms and data structures,5400,2.41,0.07
algorithm trailer,20,,0.04
algorithm package latex,,,
algorithm vs flowchart,20,,0.02
algorithm runtime,170,,0.0
algorithm flowchart,320,4.36,0.03
algorithm notation,50,,0.0
9dof algorithm,,,
algorithm lebanon,10,,
algorithm visualization,390,6.74,0.03
algorithm for 2 by 2 rubik's cube,320,0.07,0.09
algorithm writing tools,10,,0.07
algorithm logic,70,,0.01
algorithm 6th grade math,,,
algorithm 4th pdf,,,
algorithm 123movies,,,
algorithm design manual,880,0.47,0.36
algorithm meaning in urdu,10,,
algorithm 1 for critical section problem,,,
algorithm genetic,6600,1.31,0.0
algorithm for edit distance,,,
algorithm java,1000,2.08,0.04
algorithm 720p dual audio,,,
algorithm time complexity,480,,0.0
algorithm negotiation fail ssh,50,,
algorithm x16r,,,
algorithm course,210,1.84,0.28
algorithm root word,,,
algorithm movie,390,,0.01
algorithm news,110,0.69,0.01
algorithm javascript example,10,,
algorithm 97 shortest path pdf,,,
algorithm hypertension,210,0.06,0.01
algorithm 2014 movie download,10,,
algorithmic thinking,480,0.36,0.03
algorithm 97 shortest path,,,
algorithm 8 puzzle,,,
algorithm of heap sort,590,,
algorithm java example,70,,
algorithm writer,320,0.11,0.02
algorithm types,590,,0.01
algorithm javascript,590,2.69,0.04
algorithm in a sentence,110,,
algorithm learning,880,1.41,0.14
algorithm youtube 2018,,,
algorithm 101 tutorial,10,,0.43
interpretation algorithm 021 sap,,,
algorithm bubble sort,1600,,0.0
algorithm google,1300,0.09,0.03
algorithm 101 pdf,,,
algorithm 480p dual audio,,,
algorithmic justice league,210,,
algorithm of quick sort,2900,,0.0
algorithm shapes,20,,
algorithm 8,10,,
